Year,Afghanistan,Albania,Algeria,Andorra,Angola,Antigua and Barbuda,Argentina,Armenia,Australia,Austria,Azerbaijan,Bahamas,Bahrain,Bangladesh,Barbados,Belarus,Belgium,Belize,Benin,Bhutan,Bolivia,Bosnia and Herzegovina,Botswana,Brazil,Brunei Darussalam,Bulgaria,Burkina Faso,Burundi,Cambodia,Cameroon,Canada,Cape Verde,Central African Republic,Chad,Chile,China,Colombia,Comoros,Congo,Cook Islands,Costa Rica,Croatia,Cuba,Cyprus,Czech Republic,CÃ´te d'Ivoire,Democratic Republic of the Congo,Denmark,Djibouti,Dominica,Dominican Republic,Ecuador,Egypt,El Salvador,Equatorial Guinea,Eritrea,Estonia,Ethiopia,Fiji,Finland,France,Gabon,Gambia,Georgia,Germany,Ghana,Greece,Grenada,Guatemala,Guinea,Guinea-Bissau,Guyana,Haiti,Honduras,Hungary,Iceland,India,Indonesia,Iran,Iraq,Ireland,Israel,Italy,Jamaica,Japan,Jordan,Kazakhstan,Kenya,Kiribati,Kuwait,Kyrgyzstan,Laos,Latvia,Lebanon,Lesotho,Liberia,Libya,Liechtenstein,Lithuania,Luxembourg,Madagascar,Malawi,Malaysia,Maldives,Mali,Malta,Marshall Islands,Mauritania,Mauritius,Mexico,Micronesia (Federated States of),Moldova,Mongolia,Montenegro,Morocco,Mozambique,Myanmar,Namibia,Nauru,Nepal,Netherlands,New Zealand,Nicaragua,Niger,Nigeria,Niue,North Korea,North Macedonia,Norway,Occupied Palestinian Territory,Oman,Pakistan,Palau,Panama,Papua New Guinea,Paraguay,Peru,Philippines,Poland,Portugal,Qatar,Republic of South Sudan,Romania,Russian Federation,Rwanda,Saint Kitts and Nevis,Saint Lucia,Saint Vincent and the Grenadines,Samoa,Sao Tome and Principe,Saudi Arabia,Senegal,Serbia,Seychelles,Sierra Leone,Singapore,Slovakia,Slovenia,Solomon Islands,Somalia,South Africa,South Korea,Spain,Sri Lanka,Sudan,Suriname,Swaziland,Sweden,Switzerland,Syria,Tajikistan,Tanzania,Thailand,Timor-Leste,Togo,Tonga,Trinidad and Tobago,Tunisia,Turkey,Turkmenistan,Tuvalu,Uganda,Ukraine,United Arab Emirates,United Kingdom,United States of America,Uruguay,Uzbekistan,Vanuatu,Venezuela,Vietnam,Yemen,Zambia,Zimbabwe
1989.0,0.23687,0.33163,0.08601,0.00143,6.25328,0.0002,7.84659,0.0518,8.43334,0.20298,0.11942,0.00369,0.0,9.49831,0.00067,0.64563,0.04307,2.91631,5.1634,0.67399,11.76153,0.08107,0.5433,237.54107,0.28859,0.23192,3.21076,0.87421,16.60152,15.0468,10.92675,0.0,5.02904,1.0461,2.78218,107.3823,24.25635,0.00162,3.57226,0.00011,3.72475,0.10275,5.99515,0.02451,0.22886,41.18387,83.79807,0.25053,0.0,0.00089,0.60293,20.52298,0.0488,4.48286,0.60287,0.14763,0.07292,10.58876,0.486,0.3685,2.29687,2.11585,0.11415,0.22155,0.2878,5.19883,0.30807,0.0002,16.58427,10.01073,0.96652,2.09876,0.67882,12.871,0.02364,0.13011,53.62554,227.03387,0.46761,0.07268,1.12346,0.00447,0.27222,0.06527,1.16283,0.00582,1.53485,14.89796,0.0,0.0,0.17469,10.08331,0.16057,0.00107,0.1142,5.54968,0.01217,0.00036,0.21222,0.01141,23.73123,2.80452,44.5762,0.0,1.13308,0.00039,0.0,0.31997,0.00624,40.2577,0.00148,0.09827,5.94519,0.04256,0.88273,9.34802,55.27229,0.25338,0.0,4.96254,0.31795,1.45896,17.55198,0.64609,28.19055,0.00195,1.46103,0.03011,0.73548,0.0,0.00548,0.39593,0.0,3.80749,9.78829,9.1519,21.24472,54.66662,0.25222,0.1909,0.0,0.57045,1.30427,20.86011,0.90939,0.00126,0.00404,0.00563,0.01087,0.00191,0.26633,0.69527,0.1357,0.0,3.01692,0.06183,0.09154,0.02752,0.2519,0.41994,1.95526,0.50209,0.48938,3.74787,6.7582,0.32932,0.08375,0.21663,0.14792,0.02756,0.17669,17.6585,34.98533,1.30936,2.19658,0.00115,0.26101,0.01314,7.5279,0.02058,0.0,5.74682,1.88031,0.0052,0.85099,31.32715,0.55968,0.12711,0.22737,20.93645,22.46922,0.01448,10.25109,2.56644
1990.0,0.23198,0.27828,0.10781,0.00142,6.86314,0.00019,9.8069,0.05413,8.09378,0.12406,0.14183,0.00328,0.0,9.60279,0.00156,0.63491,0.03704,2.39661,5.18464,1.4274,14.28947,0.08681,0.72498,252.81673,0.28808,0.23024,3.22066,0.69135,13.52704,14.94739,12.26702,0.0,5.06346,1.13938,2.62962,108.87029,25.00704,0.00239,3.59521,0.00018,3.79686,0.09616,4.34935,0.02147,0.35887,39.49642,85.94475,0.1659,0.0,0.00084,0.52617,20.97208,0.05482,4.62384,0.64652,0.15066,0.07019,10.52893,0.50938,0.50839,2.01292,2.2513,0.10839,0.2273,0.25981,5.13975,0.32863,0.00018,14.79633,9.46239,0.84793,2.08849,0.66046,13.05,0.02412,0.1265,52.23456,209.37031,1.1517,0.22351,1.04381,0.01061,0.25215,0.21036,1.11659,0.00498,1.49826,14.19226,0.0,0.0,0.17007,10.38066,0.1844,0.001,0.10424,6.14305,0.01845,0.00035,0.23232,0.01494,23.81472,3.01297,33.88015,0.0,1.15272,0.00037,0.0,0.40361,0.00264,40.94956,0.00125,0.13087,6.05959,0.03779,2.088,10.3709,55.53646,0.323,0.0,5.0724,0.32228,1.49621,16.93228,0.9384,29.30924,0.00208,1.75145,0.02573,1.06679,0.0,0.00532,0.48471,0.0,3.38252,8.73212,9.06221,22.94036,55.48269,0.2316,0.20294,0.0,0.48277,1.37076,21.75274,0.84236,0.00054,0.00387,0.00461,0.00955,0.00644,0.24698,0.72529,0.12266,0.0,2.95487,0.05584,0.16553,0.02594,0.25831,0.60358,2.48361,0.49637,0.45196,3.72604,6.97293,0.36501,0.08085,0.24744,0.14235,0.02378,0.17438,18.98584,35.64677,1.43977,2.20917,0.00103,0.28953,0.01208,7.99559,0.01984,0.0,5.90468,1.7996,0.08548,0.73949,32.01408,0.47502,0.12549,0.21251,21.16795,22.64746,0.01241,10.08585,2.78485
1991.0,0.22339,0.26105,0.13814,0.00139,7.35029,0.00017,12.82792,0.06409,7.94614,0.11728,0.17807,0.00294,0.0,9.36261,0.00172,0.57312,0.37802,2.84169,5.27273,0.92801,14.28795,0.14774,0.92013,282.69965,0.28768,0.39516,3.16941,0.62533,11.2693,14.967,11.13096,0.0,5.11362,1.2242,2.52345,106.35793,27.24341,0.00147,3.61581,0.00019,3.66932,1.81832,3.93963,0.02536,0.38116,42.99196,86.23678,0.14279,0.0,0.00139,0.46372,20.39939,0.04217,4.68179,0.73743,0.15213,0.10467,10.58937,0.4618,0.49678,1.7939,2.33383,0.10306,0.26906,0.2557,4.62892,0.41714,0.0002,14.138,9.61063,0.79098,2.05146,0.6393,12.9897,0.03092,0.12273,50.31369,207.08266,0.98096,0.11505,0.9464,0.4232,0.35431,0.32502,1.64181,0.00336,1.54086,12.67089,0.0,0.0,0.17482,10.24547,0.21772,0.0036,0.11198,6.69872,0.0122,0.00033,0.28435,0.09663,24.40038,2.81098,29.52507,0.0,1.29455,0.00036,0.0,0.38338,0.00196,32.36975,0.00061,0.09136,5.26806,0.03483,1.94612,10.6573,55.55939,0.40083,0.0,5.02077,0.28448,1.27576,17.30769,1.19368,32.60358,0.00206,1.7519,4.97712,0.78965,0.0,0.00499,0.63992,0.0,3.43685,8.43642,11.76409,19.22706,51.46138,0.32277,0.64434,0.0,1.79982,1.18826,20.81003,0.71346,0.00035,0.00415,0.00367,0.00852,0.00321,0.22185,0.79841,0.23786,0.0,2.91536,0.05467,0.20822,0.03133,0.27524,0.79824,2.51635,0.46377,0.42158,3.61073,7.19165,0.62155,0.07736,0.71593,0.13294,0.02281,0.17417,19.77568,30.57836,1.08448,2.26274,0.00093,0.17776,0.01062,6.28359,0.01875,0.0,5.87048,2.3506,0.03363,0.58538,35.429,0.48566,0.18422,0.20694,21.13345,30.28056,0.01076,10.53445,2.79488
1992.0,0.21973,0.20994,0.12984,0.00137,7.79629,0.00018,13.14601,0.10823,9.92283,0.1162,0.18575,0.00275,0.0,8.79532,0.0016,0.69656,0.24756,2.99549,5.50383,0.73996,20.91306,0.15556,1.13477,305.69526,0.29998,0.26782,3.1283,0.56392,10.37567,14.87868,11.51948,0.0,5.07082,1.30052,2.50194,103.77932,28.62521,0.00424,3.83731,0.00032,3.57137,0.9508,2.54727,0.02071,0.37398,45.80723,84.92979,0.29364,0.0,0.00265,0.44135,19.9171,0.03307,4.52211,1.00615,0.14774,0.11299,16.89241,0.36914,0.51647,1.88428,2.41924,0.11315,0.21692,1.49288,5.08379,0.2971,0.00024,18.69198,9.81349,0.98308,3.52392,0.6824,18.28575,0.03647,0.11655,51.45527,234.8161,0.64944,0.15013,0.92592,0.31829,0.31385,1.00191,1.4204,0.00267,1.48798,10.75691,0.0,0.0,0.23476,10.188,0.29366,0.00312,0.09679,7.01763,0.01016,0.00032,0.32889,0.06838,26.58499,2.6751,30.49261,0.0,1.85018,0.0004,0.0,0.35898,0.00223,28.55984,0.0004,0.09481,4.83194,0.09478,1.39891,10.97499,56.46668,0.48347,0.0,4.71375,0.26823,1.14354,18.02758,1.46033,32.68836,0.00192,2.02935,1.58588,0.8089,0.0,0.00462,0.61721,0.0,2.9379,9.19144,9.57436,20.54583,44.7102,0.29913,1.2953,0.0,1.61425,1.05652,20.74156,0.76817,0.00028,0.00432,0.00311,0.00745,0.00227,0.19439,0.8538,0.26578,0.0,2.98503,0.05569,0.36025,0.02654,0.2622,0.98352,2.64925,0.48864,0.43368,3.42321,7.46069,0.87861,0.07622,1.17419,0.13908,0.02094,0.25182,20.40031,28.06739,1.15908,2.3345,0.00084,0.14756,0.01177,5.15996,0.01765,0.0,5.6232,1.85989,0.02585,0.5186,34.4728,0.47143,0.21532,0.19302,21.56384,27.00404,0.00902,10.3837,2.68021
1993.0,0.21094,0.19638,0.13494,0.00183,8.35835,0.00019,13.43562,0.16753,8.63018,0.15308,0.23825,0.00221,0.0,9.66256,0.00142,1.00649,0.64635,2.7106,6.11098,0.66037,16.99981,0.19297,1.45253,323.70736,0.30611,0.43065,3.08401,0.52578,9.69491,14.8213,11.71454,0.0,5.05871,1.40781,3.51535,99.38983,30.63893,0.00411,3.59913,0.00032,3.5705,1.04055,1.94113,0.06176,0.41299,46.35776,90.50387,0.21293,0.0,0.00544,0.50704,21.37367,0.02398,4.59083,1.17941,0.14272,0.0794,13.29741,0.27759,0.70049,1.86516,2.96902,0.19697,0.22099,1.62905,6.28553,0.29652,0.00025,18.0108,10.13559,0.97015,2.80071,0.97215,16.63506,0.04684,0.11256,48.97775,228.23958,0.56493,0.09925,0.84141,0.2376,0.27191,0.54526,1.29468,0.00197,1.30287,7.74194,0.0,0.0,0.38649,10.68309,1.02102,0.00154,0.09292,7.33629,0.00874,0.00034,0.48152,0.14115,26.7932,2.62699,32.13291,0.0,2.76415,0.00042,0.0,0.30398,0.00222,27.96493,0.00031,0.08048,4.21997,0.04988,1.41865,11.30976,56.22921,0.61872,0.0,3.82888,0.24656,1.07351,18.47434,1.62501,36.06659,0.00147,2.93442,1.0209,0.94886,0.0,0.00376,0.80953,0.0,2.56327,9.00274,10.29654,25.30655,42.23745,0.30702,0.89926,0.0,0.92712,1.01275,20.66509,0.70504,0.00019,0.00421,0.00267,0.01342,0.00698,0.16847,0.99745,0.1785,0.0,2.98558,0.05664,0.21258,0.02664,0.23475,1.17603,2.60648,0.63988,0.63495,3.47234,7.78741,0.62981,0.07602,1.48884,0.17797,0.02093,0.19408,20.83106,29.59596,1.12228,2.28429,0.00076,0.14314,0.00922,4.4775,0.01675,0.0,5.32277,1.69228,0.0177,0.78082,35.10956,0.47789,0.22005,0.14952,22.00875,25.64128,0.00753,9.89591,2.19633
1994.0,0.21126,0.23848,0.14274,0.00246,9.03416,0.00018,14.01023,0.35643,12.3896,0.18447,0.35019,0.00258,0.0,9.20687,0.00132,1.77363,0.34777,2.35504,6.86443,1.61858,32.91717,0.54533,1.59578,411.36378,0.28277,0.53206,3.08435,0.54838,9.49048,15.33934,12.1664,0.0,5.17355,1.47105,2.89348,119.74119,35.99444,0.00422,4.42138,0.00019,4.59038,1.5448,2.30783,0.03322,0.50011,45.1046,93.65993,0.43001,0.0,0.00696,1.46644,19.40122,0.02056,4.73096,1.2585,0.1362,0.07816,12.11129,0.21076,0.47001,2.0119,3.24484,0.22031,0.30395,3.34675,7.55649,0.38818,0.00022,19.86755,10.69021,0.98002,3.21346,0.80054,17.35335,0.23269,0.11386,47.91884,258.0168,0.54068,0.08329,0.87104,0.17939,0.29094,0.59234,1.78978,0.00145,1.34086,6.98907,0.0,0.0,0.57629,10.84616,0.4189,0.00348,0.08935,7.63137,0.00776,0.00047,1.81429,0.07455,30.35061,3.13112,34.26357,0.0,2.33876,0.00031,0.0,0.27697,0.00212,29.5807,0.00024,0.09089,4.31249,0.18109,1.0035,11.89409,58.48492,0.70279,0.0,3.61088,0.30029,1.55654,24.66357,1.73382,39.86673,0.00103,2.24455,0.85617,1.69906,0.0,0.00318,0.80171,0.0,3.73051,9.66717,18.72895,23.87873,43.24379,0.57203,0.85229,0.0,1.01492,1.34658,26.16234,0.84314,0.00018,0.00405,0.00233,0.01771,0.00349,0.14563,1.08524,0.25495,0.0,3.11656,0.07277,0.32512,0.0339,0.22012,1.30073,2.62046,0.74648,0.69021,3.97245,8.04152,0.69195,0.07656,1.91959,0.20464,0.01868,0.4459,21.23238,30.16058,0.90247,2.31159,0.0007,0.12871,0.00894,3.93308,0.01624,0.0,5.11783,2.01493,0.01578,1.0886,43.13255,0.47354,0.22991,0.23139,23.08342,24.48521,0.0065,9.81519,2.07775
1995.0,0.20415,0.26294,0.15081,0.00331,9.08822,0.00019,14.1531,0.41012,14.85531,0.15025,0.35136,0.00569,0.0,9.81144,0.00105,1.32088,0.26399,2.2579,7.95262,1.17321,25.8473,0.53844,1.71049,407.45545,0.29224,0.44818,3.13953,0.52254,8.65659,15.31758,12.33801,0.0,5.25493,1.57801,2.60111,104.34056,46.28042,0.00456,4.53424,0.00013,4.00053,0.79534,1.77328,0.04709,0.37531,39.53386,94.1797,0.25877,0.0,0.00789,1.24133,18.34137,0.01675,4.43981,1.32917,0.12469,0.15226,11.28604,0.17247,0.4369,1.94066,3.02292,0.26106,0.25704,4.50994,8.31883,0.34655,0.00021,17.82277,10.93107,0.98762,3.06632,1.21562,14.89153,0.13879,0.1068,45.95432,253.57775,0.46396,0.075,0.77937,0.13538,0.41795,0.30885,1.37726,0.00111,1.2683,5.03966,0.0,0.0,0.51012,10.73139,0.58341,0.0013,0.09497,7.69359,0.00699,0.00053,0.85631,0.05886,28.8336,3.16797,30.96735,0.0,2.14092,0.00039,0.0,0.26186,0.00216,28.24763,0.00019,0.07544,4.30533,0.09945,1.07187,12.24393,58.48606,0.75867,0.0,3.1124,0.25593,1.2696,26.85106,1.82451,35.23128,0.00081,1.97205,0.7808,1.34251,0.0,0.00279,0.79326,0.0,3.29239,9.75691,14.4839,23.29519,42.36016,0.35027,0.80348,0.0,0.95981,1.13566,24.82989,0.75484,0.00012,0.00391,0.00207,0.01929,0.00242,0.12998,1.16234,0.18322,0.0,3.06223,0.06622,0.27025,0.02999,0.18759,1.39594,2.73593,0.76871,1.2896,3.68555,8.33155,0.69582,0.07373,2.547,0.18427,0.01461,0.37836,19.47469,29.85733,0.83458,2.31007,0.00063,0.13616,0.00901,3.15953,0.01603,0.0,5.00378,1.74416,0.01441,1.76323,36.53064,0.45902,0.22312,0.18269,23.39996,39.22969,0.00587,9.50723,2.44303
1996.0,0.20369,0.26259,0.15358,0.0017,9.47126,0.00019,14.44849,0.29576,12.3714,0.14418,0.4284,0.00682,0.0,9.76199,0.00085,1.23378,0.26742,2.10305,8.43136,0.92639,26.52739,0.60795,1.78084,398.68458,0.3173,1.06541,3.08694,0.50727,7.95962,15.3593,12.56614,0.0,5.29415,1.63836,2.53867,109.92585,41.82167,0.00469,4.98489,9e-05,4.04583,1.00912,3.23392,0.04574,0.3501,39.64868,95.70568,0.2216,0.0,0.00849,0.65369,18.09354,0.01408,4.39216,1.35997,0.12556,0.17748,10.98112,0.14835,0.43548,1.98962,3.17527,0.28295,0.31588,3.45716,8.74397,0.25382,0.00018,18.88329,10.96974,1.11351,2.96815,2.50137,13.31411,0.14004,0.11264,50.83596,259.15019,0.58559,0.06695,0.93264,0.10242,0.39399,0.50574,1.27921,0.00097,1.20244,4.36782,0.0,0.0,0.37222,12.04249,0.39296,0.00214,0.08978,7.85684,0.00602,0.00102,0.7052,0.06759,33.0325,3.24119,28.08375,0.0,2.14235,0.00029,0.0,0.24984,0.00213,26.95583,0.00016,0.06708,24.29791,0.13398,0.70211,12.6835,58.8534,0.81136,0.0,2.9134,0.31472,1.11951,27.70343,1.88765,32.42337,0.00069,1.92862,0.67256,1.00754,0.0,0.00229,0.85837,0.0,3.28309,9.21293,11.37374,22.01203,44.90125,0.41456,0.79422,0.0,0.73043,1.17874,39.78546,0.75836,0.00013,0.00377,0.01166,0.02018,0.00317,0.11741,1.1094,0.22274,0.0,3.06085,0.06134,0.28499,0.02535,0.17148,1.46338,2.58645,0.81277,0.96751,3.68638,8.4588,0.50245,0.07932,2.56639,0.17232,0.01333,0.29292,22.96573,29.22916,0.74315,2.41248,0.00055,0.12397,0.0078,2.83543,0.01488,0.0,4.89034,1.67156,0.01151,2.40994,35.94279,0.45338,0.21256,0.14425,23.40861,34.44205,0.00541,8.86274,2.26491
1997.0,0.23967,0.25865,0.15599,0.00233,9.86479,0.00022,14.76678,0.24569,11.31585,0.28811,0.50287,0.0074,0.0,9.98288,0.00117,1.23774,0.26993,2.15962,8.62748,0.88399,27.94153,1.13579,1.8358,419.87903,0.33372,0.52618,3.03798,0.51238,8.3391,15.76265,13.72461,0.0,5.47703,1.68724,3.8847,113.66039,48.49485,0.00257,7.85529,7e-05,3.77366,1.9018,1.89623,0.07435,0.32824,39.40677,103.56069,0.24024,0.0,0.00998,0.97679,18.20668,0.01185,4.59069,1.32518,0.16377,0.33612,11.02595,0.12424,0.64527,1.95738,4.12455,0.29748,0.38586,2.04789,8.04543,0.22499,0.00016,25.78536,11.66543,1.04878,2.9244,1.4391,13.38015,0.11903,0.10269,46.78617,259.94474,0.4439,0.0596,0.90569,0.07771,0.84434,0.35655,1.24464,0.00087,1.18077,3.74096,0.0,0.0,0.37392,11.43714,0.35089,0.00207,0.08508,7.85788,0.00552,0.0008,0.68196,0.06118,36.979,3.43863,26.4086,0.0,1.5062,0.00025,0.0,0.22845,0.00209,29.29823,0.00012,0.06476,14.25967,0.12429,0.80016,13.22559,58.92784,0.86483,0.0,2.76646,0.2431,1.20637,26.83865,1.93416,33.76896,0.00061,1.94872,0.63931,1.04038,0.0,0.00206,0.83238,0.0,3.30919,10.42824,14.45714,22.11056,40.61371,0.42272,2.00268,0.0,0.55552,1.08871,31.91302,0.79246,0.0002,0.00353,0.00576,0.02089,0.02205,0.10608,1.16525,0.36231,0.0,3.03269,0.06122,0.28973,0.07437,0.18345,1.5209,2.6311,0.85559,1.22807,3.60546,8.57307,0.45225,0.08149,2.8861,0.22846,0.01064,0.27808,24.12316,27.3544,0.61886,2.36626,0.0005,0.12135,0.00767,4.32524,0.01463,0.0,4.79969,1.50034,0.01007,1.90432,41.51435,0.46254,0.20015,0.19657,24.3847,34.38744,0.0051,9.20905,1.95551
1998.0,0.20714,0.3204,0.16252,0.00163,10.1431,0.00019,15.032,0.19583,12.26139,0.56712,0.32229,0.00511,0.0,10.38671,0.00078,1.86116,0.3184,2.21137,8.05469,1.23977,33.33994,0.77277,1.88447,464.00785,0.31939,0.56989,3.06307,0.51884,8.08829,17.33078,14.82306,0.0,5.80651,1.72147,3.05836,127.91865,47.80985,0.00221,8.77947,5e-05,3.90597,1.81582,2.04467,0.04409,0.37384,38.53584,105.72439,0.21119,0.0,0.027,0.56478,18.81299,0.0106,4.68291,1.55401,0.13566,0.2536,11.63853,0.10412,0.85157,2.32134,4.37932,0.34559,0.33919,1.83236,8.18072,0.21345,0.01448,22.81533,11.38664,1.2858,3.60623,1.20346,16.34594,0.20857,0.09533,47.4272,306.67091,0.38186,0.05436,1.07021,0.05904,1.73846,0.37541,1.92499,0.00079,1.25775,4.24769,0.0,0.0,0.44639,11.68288,0.29751,0.00148,0.08941,8.18625,0.00511,0.00069,0.96126,0.06694,44.81365,3.85245,26.57199,0.0,1.23123,0.00033,0.0,0.2188,0.00206,29.35845,9e-05,0.05781,11.18547,0.0909,0.57069,14.06421,62.81667,0.8935,0.0,3.90838,0.5337,1.65365,28.25093,2.03941,31.55124,0.00057,2.06302,0.61087,0.9442,0.0,0.00188,0.83949,0.0,4.28609,10.1457,12.64788,27.1947,38.60356,0.66854,2.22536,0.0,0.5617,1.53247,34.21207,0.78481,0.00614,0.00493,0.00397,0.02099,0.02946,0.09737,1.66877,0.21781,0.0,3.22658,0.05738,0.31209,0.21373,0.19938,1.56274,2.81779,0.96385,3.13926,3.98032,8.67002,0.65823,0.08751,3.21537,0.29747,0.01346,0.30097,26.38355,27.13551,0.66483,2.32557,0.00045,0.1498,0.00809,4.10593,0.01401,0.0,4.81343,1.49638,0.00898,1.41046,47.62858,0.48807,0.18591,0.14975,25.77758,39.32215,0.00486,8.92541,2.263
1999.0,0.21081,0.28979,0.12268,0.00215,11.11197,0.00021,15.42634,0.19111,11.35332,0.46531,0.33833,0.0143,0.0,10.17278,0.001,2.11704,0.44725,2.15489,7.99903,1.37623,28.00841,1.00182,1.93953,467.48655,0.31083,0.41754,3.03867,0.51152,9.7719,16.97724,15.43744,0.0,5.79194,1.84355,2.77058,113.36356,39.93307,0.00262,9.18687,4e-05,3.95415,1.07009,1.4509,0.0891,0.31147,37.83071,107.75669,0.22056,0.0,0.0284,1.93194,18.79174,0.01151,4.9011,1.58187,0.15487,0.40502,11.33803,0.09532,1.00705,2.10834,4.36528,0.33198,0.36658,1.61694,7.92094,0.19747,0.00537,21.82319,11.78864,1.32462,3.36873,1.07531,12.69137,0.12376,0.09301,45.93549,307.76948,0.80483,0.05319,1.46821,0.04951,1.07534,2.36376,1.59933,0.00073,1.22114,3.40517,0.0,0.0,0.36788,12.5011,0.41692,-0.00047,0.08412,8.98283,0.00474,0.00069,1.12431,0.10296,42.48804,3.523,25.897,0.0,1.60861,0.00029,0.0,0.21409,0.01506,27.66467,8e-05,0.06247,8.73661,0.09545,0.59273,13.48219,64.90294,0.93113,0.0,3.2461,0.34893,2.10761,28.83147,1.89789,29.54642,0.00053,2.03551,0.5022,1.01265,0.0,0.00169,0.82799,0.0,5.95246,9.54639,11.30616,25.73067,37.82833,0.50971,1.73902,0.0,0.47334,1.55366,31.9244,0.82809,0.00239,0.00376,0.0114,0.02088,0.01856,0.08909,1.39094,0.32789,0.0,3.59789,0.05147,0.28863,0.30885,0.17108,1.60485,2.84977,1.23664,1.86754,3.74696,8.74212,0.51648,0.08627,3.31659,0.20433,0.00977,0.2639,25.52623,25.94635,0.67274,2.26579,0.00042,0.1502,0.00803,3.6787,0.01386,0.0,4.85298,3.18786,0.01896,1.47642,56.71016,0.50157,0.18526,0.16593,25.41364,42.44239,0.00463,8.54786,2.23281
2000.0,0.18594,0.18729,0.10318,0.00181,12.05392,0.00036,16.56185,0.1961,16.07825,0.32542,0.26957,0.00707,0.0,9.79462,0.00274,1.89998,0.29103,2.09798,7.74141,0.9748,23.49378,0.77062,1.94949,430.68478,0.33392,0.3762,3.02134,0.50946,10.36858,16.33763,16.83196,0.0,5.90091,1.93917,3.59442,91.76115,35.08021,0.00372,7.96344,0.00012,3.93871,0.97655,3.53456,0.08116,0.29765,35.55627,107.3513,0.43046,0.0,0.03135,1.24373,18.05588,0.01369,4.60995,1.54123,0.13646,0.20694,11.32173,0.08625,1.11024,1.94129,3.83511,0.32936,0.34211,1.46881,8.1944,0.18931,0.01796,20.9423,12.02671,1.22815,3.12474,0.88221,12.07482,0.15816,0.0824,53.62149,271.83199,0.56967,0.04751,1.43641,0.04362,0.87006,1.12169,3.98582,0.00069,1.12862,3.89774,0.0,0.0,0.38674,13.59872,0.30654,0.00174,0.07513,8.93414,0.00437,0.00127,0.75866,0.07133,37.90275,3.4821,25.18148,0.0,1.85416,0.00396,0.0,0.21196,0.03396,27.88766,6e-05,0.05928,6.90018,0.12585,0.45075,13.09232,64.42767,0.96149,0.0,3.19236,0.28846,3.39611,28.2272,1.72939,29.22868,0.00049,1.88596,0.6093,0.95514,0.0,0.00153,0.87801,0.0,4.67655,9.26554,12.14647,27.76467,36.94059,0.36047,1.24037,0.0,0.46106,1.06366,26.59917,0.84895,0.00134,0.00344,0.00589,0.02303,0.01373,0.0794,1.26878,0.30644,0.0,8.05641,0.04754,0.18948,0.14126,0.18868,1.67125,2.39925,1.07938,1.28929,3.80541,8.78277,0.63685,0.0832,4.05026,0.16919,0.01242,0.17974,25.60977,25.72228,0.75947,2.17906,0.00038,0.12554,0.00777,4.08276,0.01336,0.0,4.7183,2.83482,0.03123,2.4928,46.62732,0.55819,0.15666,0.15996,25.70067,54.30416,0.00433,8.06882,2.00221
2001.0,0.17696,0.19661,0.08851,0.0019,14.44645,0.0003,18.88807,0.37036,11.95437,0.305,0.25869,0.00492,0.0,9.66407,0.0023,1.17051,0.2569,2.25323,7.75228,0.8238,22.72746,0.69953,1.97783,423.97698,0.33041,0.34187,3.03049,0.49612,10.25343,15.8218,22.90002,0.0,5.88143,2.14726,4.11274,81.32962,33.58699,0.0031,6.49052,0.00032,3.98161,0.83872,1.86076,0.05603,0.23192,33.34434,102.0314,0.2481,0.0,0.02024,1.19515,17.1443,0.008,4.11086,1.47557,0.12919,0.16557,11.76112,0.07232,1.14071,1.69022,3.51328,0.33648,0.32675,1.27226,8.49629,0.18871,0.00771,21.32709,11.87514,1.1239,2.88188,0.84667,13.38068,0.12269,0.07906,49.15868,244.89352,0.52655,0.11149,1.24351,0.0295,0.75588,0.74529,2.13069,0.00066,1.01154,3.75441,0.0,0.0,0.31198,14.11147,0.35303,0.00157,0.072,8.8202,0.0041,0.0007,0.6227,0.06411,31.79188,3.43019,27.78087,0.0,1.73566,0.00169,0.0,0.21152,0.01404,26.09503,4e-05,0.11847,5.74327,0.08759,0.40795,13.60659,62.50707,0.98887,0.0,2.67157,0.34372,9.21148,27.00244,1.53514,29.16895,0.00044,1.80567,1.06297,0.90445,0.0,0.00138,0.82013,0.0,3.83849,9.16529,13.03881,26.07896,36.67617,0.30493,1.27186,0.0,0.34769,1.1627,23.44823,0.79534,0.00087,0.00326,0.00512,0.02386,0.00849,0.07046,1.27043,0.24438,0.0,11.47921,0.04691,0.19073,0.12694,0.22469,1.7336,2.1654,1.03968,2.22258,3.69122,8.83351,0.5097,0.07919,4.52952,0.21323,0.01041,0.16797,25.846,25.14333,0.76139,2.06466,0.00035,0.11703,0.00654,3.63361,0.01277,0.0,4.62513,2.17238,0.01265,2.42844,35.63066,0.49098,0.14369,0.1582,24.60613,39.00606,0.00404,8.9907,2.0495
2002.0,0.19912,0.15241,0.07808,0.00177,16.19591,0.00053,21.96311,0.40181,10.88393,0.27919,0.29397,0.0043,0.0,9.52357,0.00323,1.08046,0.26678,2.25346,7.76535,1.12643,24.19485,1.13843,1.9951,468.74692,0.32618,0.42525,2.99914,0.51865,9.96249,15.98985,19.99686,0.0,5.64973,2.36074,2.9603,73.98022,40.69612,0.00295,5.70738,0.00017,4.16957,0.90139,1.3595,0.18431,0.34223,32.52219,100.56857,0.20793,0.0,0.01299,0.60112,16.40558,0.00666,3.95247,1.19449,0.14804,0.83861,13.27217,0.06295,1.23705,1.64963,3.3281,0.32993,2.51032,1.6596,8.08695,0.17445,0.0046,21.28583,11.94635,1.04888,2.83481,0.8253,14.8437,0.15966,0.07714,45.39917,220.18098,0.48297,0.06717,1.36656,0.02236,0.71829,0.89422,1.54379,0.00063,0.97204,3.90642,0.0,0.0,0.35096,14.79792,0.29481,0.00182,0.08944,8.77485,0.00382,0.00065,0.54286,0.06001,29.72249,3.59124,28.86136,0.0,2.08474,0.00274,0.0,0.21003,0.00899,25.8043,3e-05,0.1022,5.06783,0.11601,1.12277,13.73297,62.32446,1.01908,0.0,2.39289,0.30942,4.53466,25.94408,1.37282,27.89124,0.0004,1.71906,0.56609,0.85382,0.0,0.00125,0.79786,0.0,3.27912,8.94359,12.91108,24.41201,39.11107,0.272,0.81814,0.0,0.79529,1.24979,21.92232,0.73997,0.00067,0.00312,0.004,0.02397,0.00663,0.06144,1.1704,0.25911,0.0,15.99374,0.04503,0.18759,0.1731,0.25914,1.83782,2.07389,1.04968,1.71849,3.93591,8.87935,0.86451,0.08019,4.45628,0.22231,0.0094,0.20494,28.63346,25.04193,0.71139,1.93217,0.00031,0.13336,0.00631,2.70721,0.01221,0.0,4.65522,2.07412,0.01099,2.5926,32.94388,0.53134,0.13634,0.19513,23.84327,34.7422,0.00379,9.22993,1.98026
2003.0,0.18945,0.29569,0.07134,0.00193,17.74584,0.00051,23.76577,0.43682,12.27328,0.51466,0.25745,0.00353,0.0,9.34541,0.00269,1.02628,0.27789,2.09085,7.24148,0.98857,47.82228,0.7811,2.02777,640.08464,0.3205,0.45476,3.05434,0.50798,10.5226,16.70204,20.51237,0.0,5.77418,2.62054,4.16165,73.44228,47.19947,0.00294,6.06329,0.0001,4.48345,0.7157,0.9976,0.15284,0.23894,34.24035,104.1754,0.21918,0.0,0.00843,0.82271,20.85485,0.00594,4.02325,1.10586,0.14108,0.33879,17.3338,0.05483,1.58409,1.83704,3.3829,0.33909,1.06165,2.48315,7.50367,0.15673,0.00341,19.07046,12.60521,1.07972,5.00811,0.82801,12.69885,0.13522,0.07547,46.11638,200.13244,0.46359,0.05693,1.1383,0.01708,0.70693,0.63612,1.4341,0.00045,0.94241,4.35492,0.0,0.0,0.28302,15.25412,0.69184,0.00308,0.09308,9.2028,0.0036,0.00068,0.9,0.05441,28.68361,3.56049,27.85334,0.0,1.82224,0.00158,0.0,0.20909,0.00891,25.28758,2e-05,0.06772,4.83077,0.25264,0.61955,13.89823,62.86926,1.04723,0.0,2.34873,0.48092,3.00396,25.97571,1.2227,28.4441,0.00034,1.65398,0.44713,0.8615,0.0,0.00111,0.77818,0.0,3.12751,9.1616,14.20484,35.72312,43.46936,1.0058,1.40949,0.0,0.53363,0.93375,22.87285,0.70959,0.00099,0.0031,0.00331,0.02508,0.01716,0.05238,1.14841,0.34008,0.0,15.94632,0.04281,0.15331,0.11188,0.26447,1.90575,1.96315,1.07084,2.45998,4.29467,8.91757,0.876,0.0767,5.56749,0.25263,0.01473,0.29099,29.57076,24.54003,0.76206,1.77808,0.00028,0.11929,0.00691,4.32024,0.01149,0.0,4.61699,2.19484,0.00996,2.688,52.24024,0.44414,0.12977,0.73834,24.43831,38.03904,0.00352,8.43123,2.22252
2004.0,0.1712,0.18905,0.05811,0.00154,18.40211,0.00033,25.47648,0.74908,12.42066,0.31237,0.30901,0.00356,0.0,9.25035,0.00377,0.97699,0.2369,1.97606,7.21776,0.96908,32.27975,0.61016,2.04305,512.14292,0.32522,0.31843,2.92184,0.47764,10.72866,16.1899,18.78901,0.0,5.73982,2.74761,3.26728,69.28896,43.41178,0.0018,5.44064,6e-05,4.023,0.96715,1.91388,0.19246,0.20787,31.7756,100.74893,0.69168,0.0,0.00597,0.70696,18.3281,0.00516,3.80545,1.09447,0.1414,1.00855,15.37569,0.04814,1.77504,1.54026,3.12419,0.33228,1.09372,2.20536,8.01393,0.16349,0.00234,17.01169,11.6094,1.02669,3.91229,2.4028,11.19634,0.13753,0.07298,43.99731,191.98653,0.89786,0.10139,1.22659,0.01304,0.68937,0.74167,1.33882,0.00029,0.92162,4.83402,0.0,0.0,0.25267,16.30813,1.06671,0.001,0.07471,8.88917,0.0034,0.00056,1.72895,0.04532,27.25907,3.80563,25.9939,0.0,1.91136,0.00126,0.0,0.20818,0.04636,23.80692,1e-05,0.06709,4.55503,0.11348,0.48858,14.94374,64.71386,1.07469,0.0,2.23495,0.33895,2.23465,24.51594,1.14879,27.25353,0.0003,2.21797,0.38943,0.80072,0.0,0.00097,0.77282,0.0,2.95664,9.04419,13.88232,30.82308,40.30741,0.49628,0.8136,0.0,0.62512,1.13359,20.42938,0.68028,0.00052,0.00319,0.00299,0.0251,0.0083,0.04492,1.18378,0.28181,0.0,13.66406,0.04096,0.19389,0.3605,0.36421,1.86979,1.98818,1.07972,1.69376,8.52545,8.94591,0.56955,0.06941,5.85197,0.16539,0.01019,0.26385,31.22066,23.93536,0.73601,1.8572,0.00026,0.11524,0.00625,2.99186,0.01147,0.0,4.50259,1.726,0.00913,2.97264,37.15409,0.45562,0.11781,0.48774,23.15559,39.67987,0.00327,8.43257,2.04591
2005.0,0.16099,0.75428,0.05191,0.00146,19.43791,0.0003,26.4429,1.13466,11.3891,0.25062,0.30903,0.0032,0.0,9.09548,0.0042,1.00851,0.20649,1.92878,6.67898,0.7352,26.01947,0.60525,2.07539,459.69964,0.31224,0.27199,2.93738,0.48497,8.23599,16.03738,19.65579,0.0,5.70504,2.87747,3.24619,67.54305,35.6835,0.00137,5.21356,4e-05,4.01525,0.83776,1.18594,0.11159,0.19758,31.64554,100.7783,0.47802,0.0,0.00458,0.60916,16.87587,0.00445,3.57431,1.05967,0.15697,0.5978,14.49045,0.04346,1.97834,1.60505,2.9857,0.34467,0.84504,2.17132,7.63757,0.14008,0.00192,16.07836,11.45277,1.01678,3.29564,2.5387,10.65918,0.10252,0.07632,42.58031,187.98475,0.56509,0.11549,1.40377,0.00995,0.63983,0.43328,1.17812,0.00021,0.8794,5.00506,0.0,0.0,0.22198,17.41726,1.31886,0.00047,0.08103,9.05419,0.00324,0.00051,0.98723,0.04606,26.21302,3.80523,24.99023,0.0,1.72396,0.00114,0.0,0.20823,0.02147,22.86357,0.0,0.07118,5.61817,0.08816,0.42434,15.05787,69.6529,1.10437,0.0,2.14787,0.2977,1.84258,23.14887,1.10085,26.62521,0.00027,1.77625,0.36048,0.75497,0.0,0.00084,0.79292,0.0,2.80032,9.4323,14.1868,29.20895,43.49622,0.66012,0.68848,0.0,0.57017,0.85064,19.74611,0.62767,0.00042,0.00316,0.00274,0.02526,0.00636,0.03868,1.13821,0.20526,0.0,17.43715,0.03961,0.21622,0.1709,0.40298,1.87652,1.80969,1.07609,1.16079,5.24192,8.98753,0.518,0.06469,4.9114,0.14969,0.00898,0.35111,32.90416,23.95107,0.68657,1.99993,0.00024,0.11615,0.00664,2.44246,0.01101,0.0,4.50345,1.56678,0.00811,5.99279,54.21296,0.40678,0.10866,0.29785,22.60529,33.34512,0.00306,9.30768,2.20902
2006.0,0.15521,0.35628,0.04741,0.00127,20.01276,0.00027,27.4728,0.52777,10.45694,0.25029,0.25829,0.00301,0.0,8.98427,0.00451,0.83937,0.19266,1.97061,6.52511,0.95142,23.1448,0.5048,2.13688,418.03221,0.33127,0.24328,3.03855,0.4768,7.02717,16.31904,17.0069,0.0,5.53309,2.96131,2.85489,70.67909,37.55489,0.00113,5.13717,2e-05,3.68584,0.63704,0.91188,0.13486,0.36323,32.12934,101.8453,0.36454,0.0,0.00331,0.66866,16.36218,0.00373,3.66748,1.08534,0.1425,0.58319,17.79697,0.03739,2.03638,1.77176,2.92826,0.35163,0.7552,2.22454,8.33897,0.1371,0.00237,17.53769,11.80607,0.99215,3.00455,1.69816,10.58995,0.10571,0.07184,42.02262,190.68076,0.45069,0.12292,1.2736,0.00736,0.61608,1.66493,1.12601,0.00019,0.84296,4.99759,0.0,0.0,0.20763,16.80787,0.70546,0.00032,0.12804,9.07504,0.00294,0.00044,0.79422,0.06165,25.69409,3.67748,25.33647,0.0,1.47003,0.00102,0.0,0.20976,0.01184,22.85946,-1e-05,0.07635,4.58591,0.27402,0.34226,14.92255,74.16018,1.14746,0.0,2.05849,0.27344,3.03846,23.25482,1.06369,24.93203,0.00025,1.68421,0.28935,0.70241,0.0,0.00068,0.78848,0.0,2.89118,11.83916,13.59275,27.62481,45.98129,0.4366,0.61954,0.0,0.57977,0.74219,19.18948,0.66312,0.00075,0.00486,0.00268,0.02605,0.00497,0.03448,1.19826,0.2476,0.0,12.18595,0.0378,0.14244,0.33905,0.29388,1.9114,1.75141,1.08382,0.98109,5.19017,9.00077,0.4145,0.06273,4.93799,0.14411,0.0105,0.23451,36.60554,23.59803,0.68177,1.89879,0.00021,0.11747,0.00616,2.19041,0.01072,0.0,4.52356,1.50332,0.00601,3.80894,34.99051,0.57757,0.10095,0.25357,22.66428,30.08584,0.0029,8.78145,1.90176
2007.0,0.14728,1.08599,0.04403,0.0013,23.71831,0.0011,26.13098,0.41011,11.68952,0.2908,0.24446,0.00387,0.0,9.28897,0.00475,0.96818,0.20672,2.01648,7.74644,0.68544,22.07828,0.47438,2.20135,403.72763,0.34664,0.23463,3.07852,0.46673,6.82955,16.97336,16.73923,0.0,5.56801,3.05143,2.53601,69.83062,37.4613,0.00098,6.2363,2e-05,3.91914,1.66248,0.67864,0.15925,0.23303,29.82996,102.53602,0.47149,0.0,0.00282,0.52994,16.78178,0.00336,3.63459,1.31667,0.1329,0.42004,15.43135,0.03437,2.19662,1.63533,3.09934,0.43031,0.69384,1.5313,7.82577,0.13743,0.00169,17.43047,11.89568,1.00682,2.85976,1.38452,11.09736,0.11833,0.07068,44.17088,194.97314,0.47118,0.07702,3.65698,0.00562,1.85512,1.89976,1.05841,0.00018,0.8151,5.16004,0.0,0.0,0.20287,18.18799,0.60039,9e-05,0.08195,8.87757,0.00282,0.0004,0.77095,0.05808,25.47411,3.76446,26.61036,0.0,1.63641,0.00096,0.0,0.20834,0.00838,21.60336,0.00028,0.08102,4.32828,0.14609,0.31079,15.43847,74.85203,1.16118,0.0,2.04085,0.32252,2.24163,22.17265,1.03513,23.7398,0.00024,2.32543,0.27244,0.66131,0.0,0.00063,0.76739,0.0,3.07086,11.87534,12.74107,27.43997,47.90642,1.05569,1.03428,0.0,0.45326,0.82528,20.68806,0.62203,0.00047,0.00324,0.01515,0.02552,0.00423,0.03145,1.59785,0.31392,0.0,9.96256,0.03707,0.1865,1.91758,0.30458,2.06333,1.8898,1.09473,1.38714,8.87162,9.03728,0.49607,0.06328,5.04291,0.14672,0.00856,0.23949,36.02772,26.25222,0.84835,1.88996,0.0002,0.11516,0.0072,1.98219,0.01035,0.0,4.52907,1.56484,0.01057,3.40863,30.87868,1.2747,0.0954,0.17083,23.53794,33.05864,0.00282,10.06562,2.23719
2008.0,0.14041,0.6959,0.03933,0.00119,25.93033,0.00153,25.76572,0.35781,12.74088,0.22069,0.24217,0.00297,0.0,8.97663,0.00526,0.95473,0.17214,2.03998,7.42757,0.58509,23.35323,0.46517,2.236,379.47161,0.36821,0.21432,3.08052,0.45273,6.94502,21.1273,16.27963,0.0,6.83037,3.15339,2.51531,69.01389,32.89228,0.00094,6.10196,1e-05,4.46221,0.94329,0.54138,0.1798,0.19242,28.47504,145.33544,0.35928,0.0,0.00261,0.77306,17.84229,0.00335,3.54462,1.31598,0.13916,0.52363,14.41292,0.03134,2.34577,1.47385,2.98107,0.44216,0.78696,1.35383,8.15635,0.1242,0.01406,16.57874,11.81117,1.00879,2.52104,1.99109,10.95698,0.14979,0.07299,45.95387,201.17608,0.37479,0.06391,2.40811,0.00431,1.10034,1.8097,1.06853,0.00017,0.81848,5.37318,0.0,0.0,0.16853,18.98182,0.58658,-0.00215,0.07222,8.79781,0.00272,0.00038,0.80031,0.04137,24.90744,3.78857,28.18114,0.0,1.70594,0.00089,0.0,0.22615,0.00654,21.15473,0.00065,0.08406,4.6577,0.10651,0.29154,15.52368,73.0256,1.19247,0.0,1.99552,0.26993,3.27032,21.34888,1.00773,22.86571,0.00024,2.20074,0.23302,0.65993,0.0,0.00056,0.78269,0.0,3.67852,11.26455,12.63095,25.76136,45.48426,0.73897,0.65077,0.0,0.34994,1.0044,20.13817,0.66979,0.00231,0.00284,0.0134,0.02499,0.0044,0.02928,1.45408,0.2184,0.0,9.52094,0.03661,0.14662,0.73005,0.35187,2.04535,1.81171,1.09123,0.90092,6.62816,9.0882,0.97395,0.0609,5.2162,0.1257,0.00736,0.24335,34.62784,24.17991,0.80422,1.82193,0.00018,0.11637,0.00636,1.88806,0.01001,0.0,4.5157,1.44534,0.01398,3.06797,44.77718,2.10888,0.08921,0.13035,23.39554,31.774,0.00264,11.68817,1.79946
2009.0,0.13732,0.37125,0.03548,0.00104,29.00674,0.00075,28.92739,0.30887,10.31967,0.23815,0.25152,0.01481,0.0,8.75798,0.00399,0.80816,0.15358,2.28872,6.97752,0.48604,22.07575,0.60441,2.3118,353.68709,0.4101,0.33111,3.1113,0.44539,8.04842,23.86079,16.4227,0.0,6.04322,3.35373,2.41162,69.63342,30.7856,0.00081,6.22455,1e-05,4.30232,1.01145,0.46608,0.11803,0.1781,28.0889,186.70155,0.35281,0.0,0.00247,0.49036,17.2161,0.01573,3.56535,1.36147,0.13347,0.59398,14.7989,0.03152,2.26837,1.39951,2.83884,0.42483,0.61932,1.2005,7.88517,0.15585,0.00592,15.99211,11.86315,1.0722,2.44848,3.63408,11.88243,0.10008,0.07013,41.04267,199.71867,0.33499,0.15766,2.24779,0.00339,1.9638,0.80427,1.02568,0.00017,0.77394,5.09045,0.0,0.0,0.1598,20.57822,0.5206,0.00091,0.06967,9.08459,0.00262,0.00033,1.11349,0.04237,24.30929,3.59496,30.22151,0.0,1.63982,0.00503,0.0,0.20915,0.01142,21.21323,0.00078,0.10539,4.39125,0.08612,0.29138,15.18918,70.05864,1.22834,0.0,1.90489,0.22449,2.50261,21.01952,0.98436,23.75924,0.00019,1.99107,0.74472,0.64265,0.0,0.00056,0.77408,0.0,4.08055,10.20461,12.65591,25.22018,41.80413,0.52265,0.49928,0.0,0.28404,3.41456,37.78646,0.6583,0.00244,0.00244,0.01541,0.02335,0.00438,0.02804,1.46946,0.30517,0.0,10.11549,0.03672,0.16666,0.59961,0.3996,2.07541,1.86155,1.06211,0.86577,5.84086,9.20381,0.59265,0.05974,5.38657,0.12665,0.00865,0.1885,35.57372,24.10082,0.75979,1.70452,0.00016,0.11512,0.00874,2.08092,0.00984,0.0,4.50812,2.3194,0.01663,2.6075,37.45318,1.38252,0.08484,0.13016,22.67936,42.37323,0.00258,11.3195,1.67429
2010.0,0.14075,0.35275,0.03245,0.00104,29.19335,0.00056,26.58091,0.29047,18.64135,0.20832,0.2748,0.01649,0.0,8.79204,0.00327,0.91279,0.14507,2.34112,6.80483,0.50203,21.95555,0.51167,2.36562,333.20102,0.40123,0.38166,3.1424,0.43815,9.26419,20.8317,16.66176,0.0,5.90327,3.66075,2.32846,78.28405,30.22874,0.00245,7.2174,1e-05,4.35127,0.73737,0.46713,0.10587,0.17317,27.69926,213.07266,0.85161,0.0,0.00254,0.67508,16.49045,0.03074,3.41573,1.18216,0.13181,0.42299,15.90997,0.03057,2.15971,1.32197,3.16956,0.40893,0.67616,1.29184,7.29489,0.12405,0.00365,15.55471,12.14966,1.03496,2.49111,2.5715,11.69251,0.08349,0.07937,41.48128,225.72239,0.30306,0.19067,1.97325,0.00266,1.25191,0.55962,0.94235,0.00016,0.90733,5.16012,0.0,0.0,0.24853,21.00211,0.58104,-0.00297,0.07449,9.18654,0.00255,0.00033,0.95914,0.04449,24.07792,3.59161,30.03274,0.0,1.6818,0.00233,0.0,0.20986,0.00723,21.35245,0.00086,0.09962,4.50723,0.16139,0.32027,14.96251,67.65777,1.24351,0.0,2.00114,0.21031,2.30766,20.68157,0.9617,22.70534,0.00011,1.69168,0.36398,0.50828,0.0,0.00053,0.87254,0.0,3.39643,10.71545,13.47977,25.51265,43.38087,1.979,0.45576,0.0,0.27379,1.62829,45.85583,0.63324,0.00452,0.00233,0.00856,0.02472,0.02091,0.0274,1.39802,0.26888,0.0,10.43377,0.03851,0.13847,0.48018,0.38821,2.0967,1.75938,1.04524,0.78908,6.90967,9.26518,0.65137,0.05793,5.31684,0.15012,0.00737,0.25191,38.12206,25.59761,0.85716,1.77022,0.00015,0.11516,0.00894,1.72711,0.00983,0.0,4.47075,1.68863,0.02155,2.43975,50.99603,2.07381,0.08999,0.10925,22.83981,33.95464,0.00249,12.14438,1.95698
2011.0,0.13517,0.33969,0.0284,0.00094,28.14841,0.00045,25.58661,0.23149,11.42409,0.19463,0.25675,0.00812,0.0,8.36338,0.00298,0.67898,0.12646,2.35678,7.11495,0.4702,21.54938,0.48973,2.37352,316.17558,0.38198,0.62299,3.01782,0.43143,11.31426,18.95434,16.65717,0.0,5.86069,3.8937,2.12585,69.78857,49.10468,0.00138,8.00802,1e-05,3.91936,0.71159,0.57649,0.08966,0.29648,28.05309,240.52643,0.4966,0.0,0.00256,0.3644,18.18306,0.00915,3.34695,1.11391,0.12742,0.43536,15.47922,0.02723,2.13154,1.37309,3.20064,0.38539,0.73883,1.07201,6.88574,0.16043,0.00245,14.9281,12.75394,0.99379,2.52056,2.20043,11.855,0.08588,0.07447,37.68905,232.00889,0.27713,0.11481,1.80762,0.00222,1.14531,0.71943,0.92239,0.00015,0.79768,4.91158,0.0,0.0,0.1699,19.83814,0.63879,0.00135,0.07195,9.20172,0.00244,0.00033,0.98253,0.04302,23.14081,3.44588,36.96784,0.0,1.54578,0.00171,0.0,0.20894,0.00551,21.10411,0.00062,0.10668,3.949,0.20544,0.38309,14.15512,65.22845,1.27199,0.0,1.88917,0.20362,1.60625,19.43343,0.94143,20.98495,5e-05,1.62181,1.13392,0.5527,0.0,0.0005,0.83875,0.0,2.86176,9.87836,15.10565,25.05395,44.32103,0.99525,0.48633,0.0,0.67428,2.21309,27.97056,0.60287,0.00247,0.00277,0.00625,0.02563,0.01472,0.0259,1.32834,0.25058,0.0,8.85545,0.0429,0.14749,0.43411,0.31847,2.1342,1.73628,1.50274,1.42037,5.72799,9.23398,0.53325,0.0555,5.27931,0.12719,0.00777,0.18076,34.34662,22.92151,0.7811,2.13998,0.00014,0.10621,0.00655,2.08802,0.00919,0.0,4.38634,1.52766,0.02827,2.74718,33.45539,1.63432,0.07681,0.08648,23.17882,30.87116,0.0024,13.17822,1.64168
2012.0,0.12961,0.30343,0.0249,0.00089,27.68172,0.0006,23.86959,0.24162,9.02208,0.18697,0.30378,0.00621,0.0,8.85692,0.00283,0.78312,0.23118,2.30675,7.84841,0.42579,20.99588,0.57493,2.43731,317.43747,0.35544,0.37501,3.10261,0.42195,12.31898,18.03367,16.58436,0.0,5.72976,4.18603,1.9924,57.67917,83.22083,0.00187,7.56877,1e-05,3.68353,3.25791,0.42217,0.07622,0.18872,33.111,238.06721,0.4783,0.0,0.00545,0.38899,18.33868,0.00817,3.31225,1.07373,0.12714,0.42687,14.89751,0.02477,2.08804,1.54608,3.44376,0.36139,1.0286,1.22192,6.53079,0.20567,0.00266,14.44781,13.04351,0.99424,2.59749,2.08348,10.80922,0.08045,0.08348,37.17086,241.42507,0.25336,0.18461,1.68602,0.00191,1.07198,0.53556,1.2383,0.00015,0.78583,4.52664,0.0,0.0,0.1966,18.84025,0.74099,0.00371,0.08951,9.28722,0.00237,0.00031,1.17053,0.03913,21.67187,3.41756,37.12826,0.0,1.40138,0.00148,0.0,0.21235,0.00465,21.34183,0.00028,0.09377,3.77738,0.12024,0.42742,13.75738,64.33569,1.29602,0.0,1.85023,0.272,1.47423,18.47828,0.92414,20.48398,2e-05,1.54133,0.51448,0.5146,0.0,0.00048,0.82453,0.0,2.62753,9.72918,14.90542,23.71629,41.00794,0.77211,0.67698,0.0,0.34968,2.8297,40.03567,0.5611,0.003,0.00416,0.00671,0.02656,0.00838,0.0251,1.31554,0.25516,0.0,8.82758,0.04467,0.13383,0.43439,0.27061,2.25822,1.70381,1.19307,1.01148,4.58471,9.33017,1.03307,0.0544,5.29393,0.13697,0.00783,0.24439,35.06263,21.33146,0.80716,1.79093,0.00012,0.09462,0.00559,1.8028,0.00901,0.0,4.31709,2.22229,0.03634,2.97278,50.50632,1.97622,0.12818,0.08532,24.37662,30.49515,0.00231,11.95663,1.52232
2013.0,0.12875,0.28682,0.04093,0.00083,27.92012,0.00214,20.63161,0.21533,8.57482,0.24011,0.26033,0.00581,0.0,9.00206,0.00271,0.95124,0.23554,2.30524,6.99086,0.47528,20.03136,0.4589,2.48351,311.16916,0.33029,0.28133,2.9656,0.42452,13.38037,17.75989,17.7472,0.0,5.86624,4.49176,1.89443,55.91062,51.73426,0.00132,7.32001,0.0,3.95981,1.2584,0.33556,0.0696,0.22387,32.04836,249.73856,0.64204,0.0,0.00328,0.48224,17.55565,0.00759,3.26097,1.05471,0.13086,0.42141,14.41907,0.04286,2.0887,2.11655,3.2196,0.34436,0.78609,1.22036,5.74155,0.13355,0.00196,15.23922,12.56055,0.97079,2.58583,1.4602,10.75944,0.09902,0.0738,34.15509,254.54751,0.24243,0.24449,1.37563,0.00157,0.89896,0.53519,1.07644,0.00014,0.7764,4.24493,0.0,0.0,0.23251,17.42536,0.6323,-0.00115,0.07554,9.32081,0.00229,0.00033,1.28957,0.04045,21.33338,3.37342,32.50853,0.0,1.34023,0.00137,0.0,0.21473,0.0899,21.2988,0.00017,0.09862,3.63071,0.21161,0.3527,13.39493,63.99971,1.32652,0.0,1.87213,0.21816,1.69981,17.67063,0.91499,20.86496,0.0,1.5039,0.4031,0.53998,0.0,0.00048,0.77726,0.0,2.87234,10.56683,17.40503,22.34944,39.67968,0.79803,0.48521,0.0,0.2775,1.63183,37.15826,0.53581,0.00173,0.00496,0.02573,0.02736,0.01789,0.02399,1.27668,0.29866,0.0,7.48583,0.04479,0.15946,0.50073,0.51477,2.24455,1.70537,1.0015,0.9312,4.36672,9.24723,0.99572,0.05283,5.31266,0.18688,0.00692,0.28113,34.85041,21.29979,0.82686,1.63236,0.00011,0.09656,0.00593,2.01634,0.00906,0.0,4.11091,1.64059,0.04542,2.85314,33.62248,2.23722,0.26663,0.08152,24.58228,31.79588,0.00223,11.62077,1.50753
2014.0,0.12243,0.27349,0.02725,0.00088,27.42721,0.00098,19.70789,0.18845,7.30293,0.23123,0.25465,0.00439,0.0,8.94221,0.0026,0.83289,0.47364,2.65522,6.76529,0.41647,19.17124,0.61808,2.50097,316.05688,0.35386,0.39181,3.10006,0.41338,14.54494,16.8656,19.58893,0.0,5.64738,4.6834,1.74263,53.94466,37.67276,0.00109,5.8782,0.0,3.8439,1.27254,0.29344,0.2118,0.25629,38.72701,229.04185,0.47559,0.0,0.00254,2.63185,20.22162,0.00747,3.29759,1.02066,0.13203,0.48974,13.37038,0.04901,2.02665,1.49727,2.81743,0.35491,0.83927,1.2676,5.6563,0.18923,0.00161,18.36881,12.42765,0.96231,2.51442,1.23294,10.10703,0.08585,0.07193,32.23476,250.5467,0.21943,0.18575,1.21626,0.0013,0.81212,0.38907,0.99789,0.00014,0.86511,3.79988,0.0,0.0,0.20111,16.52361,0.6339,-0.00272,0.06972,9.60501,0.00222,0.00029,1.51994,0.04031,20.09653,3.32625,44.80635,0.0,1.34281,0.00122,0.0,0.21807,0.0376,21.59892,0.00012,0.08845,3.4784,0.12255,0.32692,13.02548,64.44128,1.37697,0.0,1.78558,0.23884,1.48668,16.85538,0.90713,20.38814,-2e-05,1.43119,0.35645,0.50174,0.0,0.0005,0.76196,0.0,2.49239,10.67823,17.98759,22.97152,38.01624,0.64896,0.3607,0.0,0.26984,1.37261,30.31266,0.48876,0.00148,0.00304,0.01169,0.02799,0.0092,0.02313,1.40845,0.23052,0.0,6.84187,0.05241,0.13704,0.38952,0.38826,2.28537,1.69142,0.95655,1.13142,4.10912,9.25266,0.76981,0.0514,5.27672,0.1406,0.00621,0.25515,35.61601,22.77829,0.85585,1.58138,0.0001,0.09086,0.00513,1.65011,0.00852,0.0,3.92854,1.43739,0.05526,2.94004,44.54893,1.86753,0.29002,0.05779,24.11032,67.15768,0.00216,11.53201,1.46234
2015.0,0.12224,0.38639,0.07167,0.00078,27.53393,0.00067,17.79712,0.1921,6.69234,0.169,0.3099,0.00387,0.0,9.56786,0.00252,0.76574,0.59214,3.0458,6.57643,0.39599,20.08878,0.88022,2.53264,322.11562,0.35728,0.31843,2.9576,0.4091,14.63559,17.41668,20.16452,0.0,5.61203,4.74669,1.91573,67.09234,36.33844,0.00091,6.94879,0.0,3.69581,1.07771,0.32445,0.1087,0.29049,31.84977,207.72606,0.41255,0.0,0.00217,1.0893,18.02516,0.0067,3.22061,1.06604,0.13303,0.46104,12.76567,0.04866,1.99647,1.8911,3.55831,0.34424,0.70837,1.13743,5.12093,0.12865,0.00139,17.61571,12.26132,0.95005,2.54736,1.08024,11.4337,0.1316,0.06843,32.11813,263.16002,0.21222,0.1458,1.26873,0.00887,0.89159,0.34142,0.96482,0.00013,0.79105,3.37961,0.0,0.0,0.19485,15.80034,0.85113,1e-05,0.09354,9.16644,0.00214,0.00027,1.07472,0.03246,20.7462,3.30845,37.02848,0.0,1.17891,0.00178,0.0,0.22233,0.02345,21.56983,8e-05,0.08159,3.44536,0.11593,0.77503,13.06066,64.76553,1.40142,0.0,1.97564,0.19347,1.52688,17.51839,0.89618,19.98118,-3e-05,1.42535,0.35889,0.4998,0.0,0.00053,0.89297,0.0,2.4001,10.5319,15.69424,22.15966,36.84631,0.6424,0.56911,0.0,0.26036,1.24058,40.4509,0.4543,0.00099,0.00578,0.00786,0.02836,0.0251,0.02219,1.33066,0.32752,0.0,6.49757,0.04779,0.12923,0.34695,0.47066,2.33081,1.68895,0.91756,0.79956,4.62731,9.26994,0.68032,0.05014,5.23655,0.12575,0.00619,0.30701,34.94693,20.88432,0.8174,1.49673,9e-05,0.09732,0.00498,1.57757,0.00854,0.0,3.78555,2.15669,0.07246,3.51755,37.24054,1.57495,0.30705,0.04806,24.04874,48.34335,0.0021,11.67936,1.37592
2016.0,0.12107,0.26707,0.05993,0.00076,26.51678,0.0007,16.44384,0.16624,11.06555,0.15615,0.42478,0.00357,0.0,8.80754,0.003,0.67905,0.33399,2.67862,6.32663,0.36869,19.25576,0.72706,2.56762,309.4369,0.32365,0.30198,2.97633,0.41417,15.40332,17.30479,18.90649,0.0,5.71629,4.79172,1.64841,53.58303,32.86062,0.00079,6.30279,0.0,3.80526,0.88262,1.54126,0.19078,0.2814,30.02061,214.60958,0.42145,0.0,0.00179,0.74308,17.77172,0.00625,3.16626,1.0833,0.13328,0.36107,12.31585,0.05471,2.00523,1.47299,3.30154,0.33169,0.72773,1.20261,4.76303,0.11423,0.00122,16.12474,12.16952,0.92663,2.55033,0.94551,12.14895,0.14991,0.06742,30.16578,254.65535,0.20399,0.1774,1.35721,0.00392,1.10541,0.29073,0.92515,0.00013,0.76855,3.08035,0.0,0.0,0.19184,15.08025,0.63927,-0.0016,0.14895,9.19531,0.00208,0.00026,1.02534,0.03632,20.67089,3.26492,31.36633,0.0,1.14926,0.00198,0.0,0.22558,0.0152,19.92723,4e-05,0.0756,3.27574,0.09158,0.50843,12.79163,65.3408,1.43304,0.0,1.89259,0.2103,1.97068,17.73018,0.89323,19.31086,-4e-05,1.34439,0.30328,0.49311,0.0,0.00059,0.86043,0.0,2.41318,13.32638,14.53954,22.85755,36.4104,0.61913,0.67353,0.0,0.26065,1.33843,39.96305,0.42946,0.00161,0.00318,0.00617,0.02852,0.01832,0.02143,1.27522,0.23251,0.0,6.43908,0.04501,0.12003,0.31852,0.42326,2.32756,1.73814,0.87116,1.1424,4.35333,9.30439,0.72031,0.05123,5.13518,0.12969,0.00611,0.29623,34.20559,20.142,0.7917,1.43109,9e-05,0.09573,0.00484,1.41354,0.0084,0.0,3.68394,1.52984,0.04905,3.1453,46.023,1.48151,0.21985,0.03855,23.80153,41.45193,0.00202,11.83224,1.34663
2017.0,0.14223,0.28175,0.05781,0.00074,26.82936,0.0021,15.06861,0.15418,8.28551,0.18504,0.31141,0.00366,0.0,9.05313,0.00316,0.65475,0.37754,2.6845,6.24868,0.37118,22.94563,0.53661,2.60965,300.64265,0.35166,0.28689,2.96463,0.41111,14.54115,17.99897,20.03735,0.0,6.12862,4.76201,1.59214,50.55133,44.75656,0.00336,6.77808,0.0,3.72579,0.77017,0.7555,0.21007,0.23443,40.99302,219.66259,0.43705,-1e-05,0.00166,0.5716,16.96876,0.02525,3.09063,1.0917,0.12774,0.35864,12.55965,0.03867,2.03804,3.26497,3.8206,0.32864,0.56559,1.06573,4.97586,0.10385,0.0011,15.15192,12.92265,0.93341,2.46843,0.84956,11.34444,0.11286,0.07357,29.5421,245.45619,0.18493,0.14923,1.27983,0.03444,0.84408,0.31406,0.94934,0.00012,0.80874,2.87043,0.0,0.0,0.17602,14.51361,0.61593,-0.00792,0.12048,9.36219,0.002,0.00026,1.04173,0.0351,20.60618,3.21077,29.25152,0.0,1.14649,0.0013,0.0,0.22923,0.01083,20.02128,2e-05,0.0668,3.33427,0.17373,0.38771,12.45178,64.374,1.46081,0.0,1.87282,0.24149,1.41863,18.08966,0.89013,18.86374,-4e-05,1.33531,0.27605,0.51204,0.0,0.00066,0.84033,0.0,2.43722,12.48839,13.90116,22.20576,35.63432,0.54902,0.72784,0.0,0.26051,1.16795,40.96514,0.42823,0.00093,0.00238,0.00529,0.02884,0.01055,0.02064,1.24988,0.50139,0.0,6.25547,0.04315,0.32221,0.24147,0.43464,2.34266,1.77484,0.80546,1.5268,3.88966,9.32271,0.69174,0.04928,5.20837,0.141,0.00524,0.2657,35.07847,18.97411,0.99945,1.50255,8e-05,0.09471,0.00544,1.50459,0.00809,0.0,3.63807,1.36347,0.03725,2.54407,55.11884,1.42641,0.19394,0.17753,22.57192,35.91108,0.00196,12.05928,1.3582
2018.0,0.12532,0.21446,0.06679,0.00067,26.03306,0.001,13.86784,0.13784,7.24722,0.15069,0.27428,0.0031,0.0,8.61458,0.00324,0.57787,0.3376,2.5643,6.13238,0.33603,22.28678,0.54256,2.64026,304.35433,0.30078,0.2718,2.96593,0.40378,14.42899,16.9478,18.31342,0.0,5.80153,4.78958,1.44177,46.19077,45.46335,0.00169,5.43425,0.0,3.54601,0.90576,1.42741,0.12584,0.2008,33.99969,203.83208,0.36088,-1e-05,0.00156,0.38825,16.86348,0.0195,3.00769,1.08351,0.12668,0.35613,12.39435,0.0317,1.89704,2.00339,3.08058,0.33163,0.52116,0.9059,4.88038,0.87243,0.001,14.77726,12.10519,0.86233,2.41008,0.77093,10.12273,0.19241,0.06847,30.54136,232.06627,0.89074,0.13911,1.11253,0.05728,3.17976,0.17736,0.85113,0.00012,0.71114,2.66699,0.0,0.0,0.1612,13.82625,0.70276,0.00252,0.09206,8.78611,0.00196,0.00024,0.96127,0.03125,19.87003,3.18795,25.9668,0.0,1.10093,0.00115,0.0,0.23173,0.00809,18.8273,0.0,0.08099,4.1098,0.10167,0.32511,11.94103,61.96944,1.48781,0.0,1.75617,0.19509,1.3557,17.45001,0.88271,18.05402,-4e-05,1.26653,0.25919,0.44774,0.0,0.00074,0.86254,0.0,2.27273,11.18335,13.11187,21.42105,34.60392,0.88872,0.91982,0.0,0.50055,2.12918,38.70472,0.4044,0.00068,0.002,0.00468,0.02903,0.00782,0.02007,1.25273,0.27595,0.0,5.98763,0.04293,0.14797,0.25321,0.35187,2.33947,1.75432,0.76084,0.96294,3.67891,9.35003,0.63008,0.04843,4.97237,0.14014,0.01505,0.22516,34.07085,18.21759,0.8382,1.41986,7e-05,0.09384,0.00543,1.28492,0.00801,0.0,3.57348,1.23779,0.02849,2.7883,39.16626,1.24222,0.17821,0.10627,21.46395,32.19844,0.00188,11.51867,1.29079
2019.0,0.28849,0.19438,0.11181,0.00066,25.3799,0.00069,14.21253,0.12477,5.9526,0.137,0.23952,0.00284,0.0,8.7421,0.00865,0.53026,0.32624,2.89846,6.07349,0.31975,20.60869,0.81012,2.68046,313.03593,0.28138,0.26826,2.96562,0.41095,14.23703,16.52744,16.99454,0.0,5.69178,4.83494,1.31728,42.3295,39.02439,0.00123,5.13317,0.0,3.70265,0.8535,0.65217,0.11676,0.18492,30.82688,194.28238,0.33368,-1e-05,0.00149,0.35498,17.88951,0.02521,2.96276,1.07604,0.1202,0.31065,12.38959,0.02505,1.79256,1.6306,2.8609,0.33421,0.51934,0.8291,4.61247,0.39452,0.00177,14.53084,11.77319,0.84274,2.38828,0.68363,10.36952,0.11515,0.06441,28.509,224.33853,0.46539,0.15273,1.00734,0.06896,1.78851,0.14211,0.73604,0.00011,0.78505,2.53654,0.0,0.0,0.15746,13.24686,0.61849,0.00366,0.08944,8.18184,0.00189,0.00023,0.77676,0.03388,19.53436,3.23779,23.95124,0.0,1.05284,0.00098,0.0,0.23108,0.006,25.67212,-1e-05,0.07623,3.47506,0.11457,0.61122,11.88143,61.46594,1.52614,0.0,1.59339,0.18077,1.14832,17.22782,0.87365,17.81076,-5e-05,1.23375,0.21903,0.44663,0.0,0.00062,0.87548,0.0,2.21713,10.69789,12.65845,21.23541,34.06059,0.95443,0.59237,0.0,0.30639,1.28303,30.97715,0.39232,0.00055,0.00174,0.00385,0.01943,0.00642,0.01929,1.23546,0.34956,0.0,5.76045,0.03973,0.13931,0.20745,0.30526,2.37345,1.75121,0.71642,0.9192,3.5846,9.38405,0.60804,0.04735,4.79192,0.11483,0.02755,0.21704,33.69877,17.80722,0.91618,1.38522,6e-05,0.09089,0.00461,1.20728,0.00782,0.0,3.57699,1.16243,0.0219,2.33159,38.96376,1.15882,0.17853,0.06339,20.87372,30.22028,0.00183,11.27949,1.28145
2020.0,0.19403,0.18059,0.25934,0.00065,25.04787,0.00057,12.98542,0.11162,7.31656,0.13148,0.21795,0.00266,0.0,8.77053,0.00544,0.47295,0.27482,2.78519,6.08585,0.32019,21.76722,0.78709,2.71451,340.80427,0.272,0.21375,2.99413,0.40988,13.07795,16.40052,16.54028,0.0,5.64831,4.91843,1.26488,42.28899,34.61848,0.00108,6.32502,0.0,4.19388,0.69958,0.42971,0.13472,0.20692,30.36641,183.18004,0.31311,-1e-05,0.00147,0.31323,17.74964,0.02686,2.86789,1.06373,0.11869,0.31491,11.83728,0.02174,1.68608,1.46368,2.73466,0.34844,0.5588,0.81058,3.96041,0.29257,0.00122,13.7861,11.59031,0.8609,2.46057,0.72985,10.65344,0.52756,0.06223,28.27375,218.52462,0.3948,0.13398,0.86868,0.07831,1.32384,0.11605,0.78448,0.00011,0.72857,2.41715,0.0,0.0,0.12423,12.94511,0.57608,0.00388,0.08712,7.94111,0.00182,0.00024,0.71444,0.03641,19.36126,3.22231,22.74741,0.0,1.13427,0.00087,0.0,0.23334,0.00513,21.48286,-3e-05,0.09962,3.11817,0.09695,0.36931,11.6924,61.02504,1.54959,0.0,1.65322,0.14816,1.4642,17.22772,0.86884,17.70635,-5e-05,1.20734,0.19778,0.41835,0.0,0.00056,0.89087,0.0,2.16265,10.52868,12.2592,21.1704,33.77585,0.62043,0.50715,0.0,0.23064,1.09677,26.11147,0.37991,0.00046,0.00169,0.0033,0.0127,0.00549,0.01841,1.23369,0.27922,0.0,5.76386,0.0376,0.12593,0.20805,0.27484,2.4222,1.75136,0.68422,1.00652,3.48644,9.40328,0.6046,0.04681,4.65606,0.13432,0.0366,0.17355,33.69376,17.63042,0.90636,1.35616,6e-05,0.08859,0.00414,1.12743,0.00743,0.0,3.55411,1.09935,0.01693,2.02864,38.36888,1.03621,0.14626,0.04662,20.56331,28.98843,0.00176,11.04098,1.25887
2021.0,0.18918,0.1703,0.25658,0.00061,25.65378,0.0008,12.30432,0.11128,7.64606,0.12197,0.2444,0.00258,0.0,8.48259,0.00569,0.46231,0.27138,2.7076,6.07519,0.31336,20.70039,0.65394,2.74936,376.29661,0.28051,0.21825,2.99272,0.40842,13.1593,16.65101,16.48719,0.0,5.52811,5.00878,1.20329,45.17895,34.27377,0.00147,5.93089,0.0,4.06258,0.61781,0.70459,0.12736,0.17843,31.53306,185.31506,0.29259,-1e-05,0.00138,0.3109,17.27013,0.02683,2.819,1.07613,0.1205,0.28436,12.12459,0.02019,1.68981,1.41953,2.9231,0.34727,0.52077,0.7476,3.49022,0.26269,0.00118,13.50316,11.85831,0.82799,2.45157,0.6932,10.29794,0.2705,0.0626,27.66664,211.18473,0.47286,0.14315,0.78852,0.07881,1.2029,0.13094,0.73554,0.0001,0.69776,2.41009,0.0,0.0,0.14465,12.18086,0.57941,-0.00301,0.10467,8.22764,0.00178,0.00022,0.68972,0.03346,19.36681,3.21122,22.70564,0.0,1.08648,0.0008,0.0,0.23444,0.00393,19.65077,-4e-05,0.07226,3.10882,0.08407,0.30569,11.72502,60.95654,1.56492,0.0,1.56316,0.13861,1.21401,17.36701,0.8658,17.44717,-5e-05,1.19049,0.17884,0.41441,0.0,0.00053,0.90517,0.0,2.16684,11.22629,13.09454,21.3629,33.63574,0.53469,0.6524,0.0,0.27046,1.00245,30.35315,0.37705,0.00056,0.00154,0.00379,0.01054,0.00615,0.01776,1.23264,0.28001,0.0,5.8018,0.03559,0.13511,0.17695,0.28983,2.44592,1.76792,0.66771,1.07449,3.51973,9.4791,0.63141,0.0465,4.67614,0.11216,0.03586,0.20975,33.85647,16.75858,0.81202,1.35303,5e-05,0.0891,0.00396,1.02329,0.00755,0.0,3.57517,1.03125,0.0169,1.96201,42.7928,0.97663,0.1571,0.06586,19.26542,28.59824,0.0017,11.2179,1.26242
2022.0,0.19803,0.16137,0.25148,0.00059,25.714,0.00087,13.14802,0.10601,7.69521,0.11519,0.24591,0.0026,0.0,7.93825,0.0058,0.44262,0.26763,2.82326,6.06092,0.3123,21.39291,0.63144,2.75187,349.85942,0.28317,0.2115,3.01046,0.40774,11.50819,16.72478,16.14959,0.0,5.6441,5.06169,1.13225,44.6972,33.59977,0.00159,5.84877,0.0,3.9102,0.50273,0.74941,0.12436,0.17148,31.76793,191.04977,0.27315,-1e-05,0.00134,0.28265,17.04799,0.0268,2.80122,1.08054,0.11942,0.27041,12.10523,0.0202,1.68792,1.33799,2.9663,0.35526,0.4847,0.71652,3.48824,0.24209,0.00114,13.66378,12.06838,0.84145,2.44861,0.66009,10.35462,0.21336,0.06175,26.93989,210.8782,0.49356,0.14252,0.72362,0.07994,1.09364,0.13069,0.6712,0.0001,0.67891,2.39424,0.0,0.0,0.14039,11.39792,0.56979,-0.00164,0.10722,8.32087,0.00172,0.00022,0.65818,0.03336,19.51098,3.23745,22.60067,0.0,1.04002,0.00073,0.0,0.23538,0.00309,18.66975,-4e-05,0.066,2.94941,0.08032,0.2725,11.81351,59.8232,1.58896,0.0,1.53539,0.13077,1.08371,17.61872,0.85716,17.41692,-5e-05,1.10838,0.1636,0.41047,0.0,0.00051,0.92009,0.0,2.16676,11.81489,11.50609,21.63412,33.60219,0.48741,0.68275,0.0,0.2636,0.93036,30.74872,0.37421,0.00057,0.00147,0.00276,0.00823,0.00616,0.01718,1.24267,0.27617,0.0,5.69959,0.0347,0.1344,0.13821,0.30195,2.47477,1.76523,0.65571,1.08868,3.50593,9.49555,0.63142,0.04586,4.67552,0.10903,0.03591,0.20784,33.83797,16.77353,0.82279,1.34561,5e-05,0.08773,0.00385,0.98099,0.00738,0.0,3.56847,0.98454,0.01687,1.87524,42.99488,0.87922,0.1551,0.0751,19.59497,28.13947,0.00164,11.40347,1.26177
2023.0,0.20129,0.15366,0.24479,0.00057,25.93607,0.00089,12.19098,0.10122,8.01188,0.10933,0.24453,0.00256,0.0,8.08,0.0059,0.41842,0.26318,2.82425,6.06147,0.31015,26.37128,0.62664,2.77124,329.48486,0.28577,0.20436,3.01483,0.40727,11.87296,16.6967,16.03252,0.0,5.42866,5.15308,1.09405,47.25549,33.84089,0.00165,5.70911,0.0,3.92145,0.46415,1.03126,0.12224,0.16564,31.83075,192.94111,0.27024,-1e-05,0.0013,0.35193,17.16284,0.02685,2.80747,1.08304,0.1195,0.25617,12.23935,0.01698,1.6724,1.27433,2.9925,0.35504,0.46311,0.69071,3.24997,0.22463,0.00112,13.81416,12.04777,0.83406,2.47496,0.63061,10.58466,0.19171,0.06037,26.63838,216.75831,0.50513,0.14076,0.68994,0.08113,1.02392,0.12509,0.61933,0.0001,0.66813,2.43977,0.0,0.0,0.13596,12.70067,0.56056,0.00143,0.10911,8.36287,0.00167,0.00022,0.62475,0.03316,19.46528,3.25842,22.70077,0.0,0.9672,0.00068,0.0,0.23677,0.00244,19.20005,-5e-05,0.063,2.95968,0.07448,0.24685,11.81769,61.3996,1.61098,0.0,1.57879,0.12374,0.97345,17.97307,0.85086,17.43475,-5e-05,1.14701,0.1505,0.39752,0.0,0.00048,0.92471,0.0,2.16608,12.67319,11.675,22.27388,33.48603,0.45053,0.69944,0.0,0.35674,0.87463,30.62818,0.36616,0.00057,0.00141,0.00254,0.00569,0.00606,0.01674,1.24559,0.2735,0.0,5.89672,0.03403,0.13275,0.12866,0.31045,2.49287,1.77266,0.65524,1.0927,3.53524,9.53746,0.6514,0.04576,4.64979,0.10445,0.03589,0.2066,33.86964,17.04798,0.86257,1.33881,4e-05,0.08771,0.00383,0.93089,0.00735,0.0,3.60694,0.94214,0.01684,1.79427,43.47726,0.8142,0.15329,0.07829,19.69258,28.08193,0.00161,11.44235,1.27906
